{"cameraMode":{"drawMode":0,"name":"Shaded","section":"Shading Mode"},"sceneLighting":true,"audioPlay":false,"sceneViewState":{"m_AlwaysRefresh":false,"showFog":true,"showSkybox":true,"showFlares":true,"showImageEffects":true,"showParticleSystems":true,"showVisualEffectGraphs":true,"m_FxEnabled":true},"in2DMode":false,"pivot":{"x":21.66916275024414,"y":4.1713690757751469,"z":9.589754104614258},"rotation":{"x":-0.31578144431114199,"y":0.0077078877948224548,"z":-0.002479512942954898,"w":-0.948731005191803},"size":17.80643653869629,"orthographic":false}